"Unique Response Number","1. Do you represent a Cancer Centre or Unit?","1.a. Name of Centre or Unit","1.a.i. Other:","2. Regarding staffing, have you experienced significant reduction in staff numbers in your centre from 26/12/20 onwards?","2.a. Is this due to COVID related sickness and/or redeployment among junior doctors?","2.a.i. Please select the overall percentage by which junior doctor numbers were reduced to the nearest percent. For example, if junior doctor staff numbers are reduced from 10 to 7 (i.e. 30%) then select 21-30%.","2.b. Is this due to COVID related sickness and/or redeployment among GO sub-specialty trainees?","2.b.i. Please select the overall percentage by which GO sub-specialty trainee numbers were reduced to the nearest percent.","2.c. Is this due to COVID related sickness and/or redeployment among consultant staff?","2.c.i. Please select the overall percentage by which consultant staff numbers were reduced to the nearest percent.","2.d. Is this due to COVID related sickness and/or redeployment among CNS staff?","2.d.i. Please select the overall percentage by which CNS staff numbers were reduced to the nearest percent.","3. Have you changed the way your MDT function due to COVID?","3.a. Please indicate all changes to MDT functioning you have implemented.","3.a.i. If the number of attendees at MDT are reduced please select % reduced","4. What proportion of your out-patient clinic is currently remote consultation?","5. Please answer the following questions about the proportion reduction of Gynae Oncology related activity:","5.1.a. How much has theatre time reduced? - % Reduced","5.2.a. What is the proportion of surgical cases postponed? - % Reduced","5.3.a. How much has medical oncology access/capacity been reduced? - % Reduced","5.4.a. How much has clinical oncology access/capacity been reduced? - % Reduced","5.5.a. How much has theatre-based (intrauterine) brachytherapy been reduced? - % Reduced","5.6.a. How much have outpatient brachytherapy services been reduced? - % Reduced","5.7.a. How much has radiology access/capacity been reduced? - % Reduced","5.8.a. How much has pathology access/capacity been reduced? - % Reduced","5.9.a. How much has palliative care access/capacity been reduced? - % Reduced","5.10.a. How much have your rapid access referrals dropped by? - % Reduced","5.11.a. How much has your weekly MDT list/workload reduced by? - % Reduced","6. Please tick all applicable boxes regarding PPE use in theatre:","7. Please complete the following boxes regarding patient pre-operative prep for major and minor procedures","7.1.a. Major Procedures - Duration of patient self-isolation prior to procedure","7.1.b. Major Procedures - Number of COVID swabs prior to procedure","7.1.c. Major Procedures - Are patients required to be vaccinated for COVID prior to procedure?","7.2.a. Minor Procedures - Duration of patient self-isolation prior to procedure","7.2.b. Minor Procedures - Number of COVID swabs prior to procedure","7.2.c. Minor Procedures - Are patients required to be vaccinated for COVID prior to procedure?","8. Have you needed to move activity off site to another hospital due to the recent surge in cases? (e.g. Independent sector)","8.1.a. Moved operating lists","8.2.a. Moved clinics","8.3.a. Moved (theatre based) intrauterine and interstitial brachytherapy","8.4.a. Moved outpatient (vaginal) brachytherapy","8.5.a. Moved other activity","8.6.a. Not yet moved but are planning to move","8.7.a. Do you need to go via a central hub or committee to access operating?","8.8.a. If you are working in the independent sector because you previously moved activity to the independent sector (prior to the current 2021 surge) and have not moved back to the NHS site please tick 'yes' here","8.a. When operating at different locations than normal, does your normal in-house pathology team report the specimens or are they reported by another team?","9. Are you working in a COVID-free hospital?","9.a. If no- Do you have COVID-free/green zones within the non-COVID-free hospital?","10. Are you undertaking minimal access procedures?","11. How would you describe yourself?","11.a. Other:","12. Please use this box to provide any free text comments"
"728066-728057-75283654","Centre","University College London Hospitals NHS Foundation Trust",,"No",,,,,,,,,"Yes","Undertaking mixed virtual and face to face MDT",,"71-80%",,"0%","0%",,,,,,,,,"0%","FFP3 masks,Visors,Double gloving",,"13-14 days","1","No","7-8 days","1","No",,"Yes","No",,,"Yes",,,"N/A","Normal in-house team","Yes",,"Yes","Consultant GO/med onc/clin onc/radiologist/pathologist",,
"728066-728057-75284105","Unit","Other","Walsall Healthcare NHS Trust","No",,,,,,,,,"Yes","Undertaking mixed virtual and face to face MDT",,"11-20%",,"11-20%","1-10%","1-10%","1-10%","0%","0%","1-10%","0%","0%","0%","0%","FFP3 masks,Visors,Anaesthesia administered in operating theatre itself (rather than in adjoining anaesthetic room)",,"7-8 days","1","N/A","3-4 days","1","N/A",,"Yes","No","N/A","N/A","N/A","N/A","Yes","Yes","Normal in-house team","No","Yes","Yes","Consultant GO/med onc/clin onc/radiologist/pathologist",,
"728066-728057-75287532","Centre","Other","Chelltenham General Hospital","No",,,,,,,,,"Yes","Undertaking virtual MDT,Undertaking mixed virtual and face to face MDT",,"0-10%",,"11-20%","11-20%","0%","0%","0%","0%","0%","0%","11-20%","11-20%","11-20%",,,"0-2 days","1","Yes","0-2 days","1","Yes",,"No","No","No","No","No","No","No","No","Normal in-house team","Yes",,"Yes","Consultant GO/med onc/clin onc/radiologist/pathologist",,
"728066-728057-75288660","Unit","Basingstoke and North Hampshire Hospital",,"No",,,,,,,,,"Yes","Undertaking virtual MDT",,"21-30%",,"21-30%","21-30%","11-20%","11-20%","11-20%","1-10%","1-10%","0%","0%","0%","0%","FFP3 masks,Visors,Double gloving",,"3-4 days","1","No","3-4 days","1","Yes",,"Yes","Yes","N/A","N/A","N/A","N/A","Yes","N/A","Normal in-house team","Yes",,"Yes","Consultant GO/med onc/clin onc/radiologist/pathologist",,"We had covid free operating lists and since last week, moved back to main hospital site but slightly reduced capacity still"
"728066-728057-75287505","Unit","Other","Chesterfield - you really should have a list of these for this survey.","No",,,,,,,,,"Yes","Undertaking mixed virtual and face to face MDT,Reduced number of attendees at MDT","21-30%","21-30%",,"0%","0%",,,,,,,"0%","0%","0%","FFP3 masks,Visors,Double gloving,Anaesthesia administered in operating theatre itself (rather than in adjoining anaesthetic room)",,"3-4 days","1","Yes","3-4 days","1","No",,"Yes","No","N/A","N/A","N/A","N/A","N/A","N/A","Normal in-house team","No","Yes","Yes","Other","Unit lead - O&G, lap","This survey is really biased against the Units. If you want to survey the Units, first learn what they are, then go over the qs with that in mind."
"728066-728057-75295649","Centre","Northern Gynaecological Oncology Centre Gateshead",,"No",,,,,,,,,"Yes","Undertaking virtual MDT",,"41-50%",,"0%","11-20%","0%","0%","0%","0%","0%","0%","21-30%","0%","0%","Visors",,"0-2 days","2","No","0-2 days","2","No",,"No","No","No","No","No","No","No","No","N/A","No","Yes","Yes","Subspecialty fellow in GO",,
"728066-728057-75304580","Centre","Royal Derby Hospital",,"Yes","COVID,Redeployment","21-30%","N/A","0%","COVID","1-10%","N/A","0%","Yes","Undertaking mixed virtual and face to face MDT",,"0-10%",,"21-30%","51-60%","0%","0%","0%","0%","1-10%","41-50%","0%","0%","0%","FFP3 masks",,"3-4 days","2","No","3-4 days","2","No",,"Yes","No","No","No","No","No","No","No","Normal in-house team","No","Yes","Yes","Consultant GO/med onc/clin onc/radiologist/pathologist",,
"728066-728057-75316833","Unit","Royal Hampshire County Hospital Winchester",,"No",,,,,,,,,"Yes","Undertaking virtual MDT",,"0-10%",,"31-40%","41-50%","11-20%","31-40%",,,"1-10%","0%","1-10%","0%","0%","FFP3 masks,Visors,Anaesthesia administered in operating theatre itself (rather than in adjoining anaesthetic room)",,"3-4 days","1","No","3-4 days","1","No",,"Yes","No","No","No","Yes","N/A","Yes","No","Normal in-house team","No","Yes","Yes","Consultant GO/med onc/clin onc/radiologist/pathologist",,
"728066-728057-75328250","Centre","Other","The Christie Foundation Trust","No",,,,,,,,,"No",,,"0-10%",,"1-10%","0%","1-10%","1-10%","1-10%","1-10%","1-10%","0%","0%","41-50%","1-10%","FFP3 masks",,"7-8 days","1","No","3-4 days","1","No",,"No","No","No","No","No","No","No","No","N/A","Yes",,"Yes","Consultant GO/med onc/clin onc/radiologist/pathologist",,"Why is The Christie Foundation Trust not on your list? We are not part of St Maryâ€™s in Manchester. Please correct."
"728066-728057-75335695","Centre","University Hospital of Wales Cardiff",,"No",,,,,,,,,"Yes","Undertaking mixed virtual and face to face MDT,Reduced number of attendees at MDT","21-30%","41-50%",,"0%","0%","0%","0%","0%","0%","0%","0%","0%","0%","0%","Double gloving,Anaesthesia administered in operating theatre itself (rather than in adjoining anaesthetic room)",,"13-14 days","1","No","13-14 days","1","No",,"No","No","No","DK","No","No","No","No","Normal in-house team","No","Yes","Yes","Consultant GO/med onc/clin onc/radiologist/pathologist",,
"728066-728057-75336830","Centre","University Hospitals Bristol NHS Foundation Trust",,"Yes","COVID","1-10%","COVID","0%","N/A","21-30%","COVID","21-30%","No",,,"0-10%",,"11-20%","11-20%","1-10%","1-10%","1-10%","1-10%","1-10%","0%","0%","21-30%","1-10%",,,"13-14 days","1","No","7-8 days","1","No",,"No","No","No","No","No","No","Yes","N/A","Normal in-house team","No","Yes","Yes","Consultant GO/med onc/clin onc/radiologist/pathologist",,
"728066-728057-75347555","Unit","Other","Whittington Health NHS Trust ","No",,,,,,,,,"Yes","Undertaking mixed virtual and face to face MDT",,"31-40%",,"31-40%","1-10%","0%","0%","0%","0%","0%","0%","0%","0%","0%","FFP3 masks,Visors",,"13-14 days","1","No","7-8 days","1","No",,"No","No","N/A","N/A","No","No","No","No","Normal in-house team","No","Yes","Yes","Consultant GO/med onc/clin onc/radiologist/pathologist",,
"728066-728057-75348203","Centre","North Wales Surgical Cancer Centre",,"No",,,,,,,,,"Yes","Undertaking mixed virtual and face to face MDT,Reduced number of attendees at MDT","31-40%","11-20%",,"1-10%","1-10%","0%","0%","0%","0%","0%","0%","0%","0%","0%",,,"13-14 days","1","No","13-14 days","1","No",,"Yes","Yes","No","No","No","No","Yes","N/A","Normal in-house team","No","No","Yes","Consultant GO/med onc/clin onc/radiologist/pathologist",,
"728066-728057-75350555","Unit","Other","Shrewsbury and Telford NHS Trust","No",,,,,,,,,"No",,,"0-10%",,"11-20%","1-10%","0%","0%","0%","0%","0%","0%","0%","11-20%","0%","FFP3 masks,Visors,Double gloving,Anaesthesia administered in operating theatre itself (rather than in adjoining anaesthetic room)",,"9-10 days","1",,"Don't Know","1",,,"No","No","No","No","Yes","No","N/A","N/A","Normal in-house team","Yes",,"Yes","Consultant GO/med onc/clin onc/radiologist/pathologist",,"Our trust has been extremely supportive to cancer services. Though overall theatre capacity was reduced, Cancer surgery still continued. We were also offered capacity in the local Nuffield. We managed to get surgeons from local cancer centre to come and operate in our lists for patients who needed tertiary referrals as the local cancer centre theatres were shut for a few weeks. Patients with high BMI and CAH/grade 1 endometrial cancer were initially managed conservatively with Mirena which helped with capacity. "
"728066-728057-75359902","Centre","Other","The Christie NHS FT","No",,,,,,,,,"Yes","Undertaking mixed virtual and face to face MDT",,"0-10%",,"1-10%","0%","0%","0%","0%","0%","0%","0%","0%","0%","1-10%","FFP3 masks,Anaesthesia administered in operating theatre itself (rather than in adjoining anaesthetic room)",,"13-14 days","2","N/A","13-14 days","2","N/A",,"No","No","No","No","No","N/A","No","No","N/A","Yes",,"Yes","Consultant GO/med onc/clin onc/radiologist/pathologist",,"The Christie NHS FT is a green site. it is a Cancer Hub    MDT was already mixed virtual and face to face. Just increased the video link / virtual aspect in order to reduce number of attendees in board rooms and comply with COVID social distancing "
"728066-728057-75374745","Centre","St. Mary's Hospital Manchester University NHS Foundation Trust",,"No",,,,,,,,,"Yes","Undertaking mixed virtual and face to face MDT",,"51-60%",,"11-20%","21-30%",,,,,,,"0%","0%","11-20%","Anaesthesia administered in operating theatre itself (rather than in adjoining anaesthetic room)",,"3-4 days","1","No","3-4 days","1","No",,"No","No","N/A","N/A","No","No","Yes","No","N/A","No","Yes","Yes","Consultant GO/med onc/clin onc/radiologist/pathologist",,
"728066-728057-75380385","Centre","East Kent Hospitals University Foundation NHS Trust",,"No",,,,,,,,,"No",,,"41-50%",,"1-10%","11-20%","1-10%","1-10%","1-10%","1-10%","1-10%","1-10%","1-10%","0%","0%","FFP3 masks,Visors,Double gloving,Anaesthesia administered in operating theatre itself (rather than in adjoining anaesthetic room)",,"3-4 days","1","No","3-4 days","1","No",,"No","No","No","No","No","No","No","No","N/A","No","Yes","Yes","Consultant GO/med onc/clin onc/radiologist/pathologist",,"During the first wave all in March 2020, all activity was moved to a different hospital in the trust. One list per week was also being carried out in the independent sector. During the second wave, we have been working at our usual base hospital with the private wing being used for elective admissions. Although the vaccine is not a must, once the patient has been listed for surgery, then efforts are made to vaccinate the patient prior to procedure. In outpatients, a good proportion of the followups are being done remotely and face to afce reserved for cervix and vulval cancer FU mainly. PIFU has also been introduced. New patients are seen face to face as far as possible.  "
"728066-728057-75391747","Centre","Royal Preston Hospital",,"No",,,,,,,,,"No",,,"31-40%",,"21-30%","0%","0%","0%","0%","0%","11-20%","11-20%","0%","0%","0%",,,"13-14 days","1","Yes","3-4 days","1","No",,"No","No","No","No","No","No","Yes","N/A","N/A","No","Yes","Yes","Consultant GO/med onc/clin onc/radiologist/pathologist",,"No brachtherapy service at our centre - referred to The Christie"
"728066-728057-75394623","Centre","Barts Health NHS Trust",,"Yes","Redeployment","71-80%","N/A","0%","COVID","1-10%","Redeployment","31-40%","Yes","Undertaking virtual MDT",,,,"31-40%","21-30%","0%","0%","0%","0%","11-20%","0%","0%","11-20%","11-20%","FFP3 masks,Visors,Double gloving",,"13-14 days","1","No","3-4 days","1","No",,"Yes","No","No","No","No","No","Yes","No","Normal in-house team","Yes",,"Yes","Consultant GO/med onc/clin onc/radiologist/pathologist",,
"728066-728057-75405627","Unit","Other","Pinderfields Hospital","No",,,,,,,,,"No",,,"21-30%",,"1-10%","1-10%","21-30%","1-10%","0%","0%","1-10%","1-10%","1-10%","1-10%","1-10%","FFP3 masks,Visors,Double gloving,Anaesthesia administered in operating theatre itself (rather than in adjoining anaesthetic room)",,"13-14 days","1","No","3-4 days","1","No",,"No","No","N/A","N/A","N/A","N/A","N/A","N/A","Normal in-house team","No","Yes","Yes","Other trainee in GO/med onc/clin onc/radiology/path",,
"728066-728057-75424520","Centre","Pan Birmingham Gynaecological Cancer Centre",,"No",,,,,,,,,"Yes","Undertaking mixed virtual and face to face MDT",,"0-10%",,"1-10%","11-20%","1-10%","1-10%",,,"1-10%","0%","1-10%","11-20%","0%","FFP3 masks,Visors",,"13-14 days","1","No","13-14 days","1","No",,"Yes","No","DK","DK","DK","N/A","No","No","Normal in-house team","No","Yes","Yes","Consultant GO/med onc/clin onc/radiologist/pathologist",,
"728066-728057-75460115","Centre","Other","Royal Infirmary of Edinburgh","No",,,,,,,,,"Yes","Undertaking mixed virtual and face to face MDT",,"41-50%",,"31-40%","1-10%","1-10%","1-10%","0%","0%","0%","0%","0%","21-30%","0%","FFP3 masks,Visors,Double gloving,Anaesthesia administered in operating theatre itself (rather than in adjoining anaesthetic room)",,"13-14 days","1","No","13-14 days","1","No",,"No","No","No","No","No","No","No","No","N/A","No","Yes","Yes","Subspecialty fellow in GO",,
"728066-728057-75498159","Centre","Somerset NHS Foundation Trust",,"Yes","COVID","1-10%","N/A",,"COVID","1-10%","COVID","41-50%","Yes","Undertaking virtual MDT",,"11-20%",,"21-30%","11-20%","0%","0%","0%","0%","0%","0%","0%","11-20%","0%","Double gloving,Anaesthesia administered in operating theatre itself (rather than in adjoining anaesthetic room)",,"13-14 days","1","Yes","11-12 days","1","No",,"Yes","No","Yes","Yes","No","No","No","No","Normal in-house team","No","Yes","Yes","Consultant GO/med onc/clin onc/radiologist/pathologist",,"lost 3 operating sessions per week in NHS and re-provided 2 sessions in private hospital so capacity for complex cases significantly reduced"
"728066-728057-75584399","Centre","Leeds Teaching Hospital NHS Trust",,"No",,,,,,,,,"Yes","Undertaking mixed virtual and face to face MDT,Reduced number of attendees at MDT","81-90%","31-40%",,"0%","0%","0%","0%","0%","0%","11-20%","0%","0%",,"0%","Visors",,"9-10 days","1","No","9-10 days","1","No",,"No","No","No","No","No","No","No","No","N/A","No","Yes","Yes","Consultant GO/med onc/clin onc/radiologist/pathologist",,
"728066-728057-75654230","Centre","Norfolk & Norwich University Hospitals NHS Foundation Trust",,"Yes","COVID","21-30%","COVID","41-50%","COVID","31-40%","N/A",,"Yes","Undertaking mixed virtual and face to face MDT",,"31-40%",,"41-50%","31-40%",,,,,"0%","0%","0%","31-40%","0%","FFP3 masks,Visors",,"3-4 days","1","No","3-4 days","1","No",,"Yes","No","No","No","No","No","Yes","No","Normal in-house team","No","Yes","Yes","Consultant GO/med onc/clin onc/radiologist/pathologist",,
"728066-728057-75770866","Centre","Leeds Teaching Hospital NHS Trust",,"No",,,,,,,,,"Yes","Undertaking mixed virtual and face to face MDT",,"11-20%",,"0%","0%",,,,,,,,,"0%","Visors,Double gloving",,"9-10 days","1","Yes","9-10 days","1","Yes",,"No","No","No","No","No","No","No","N/A","N/A","No","Yes","Yes","Consultant GO/med onc/clin onc/radiologist/pathologist",,"Oncology lists and clinics have been protected throughout the pandemic and since June we have had any reduction in capacity other than for one week in February. Overall, we have been able to provide a fairly 'normal' service. We do not undertake any diagnostic or benign gynae work except colposcopy"
"728066-728057-75803682","Centre","Royal Cornwall Hospitals NHS Trust",,"No",,,,,,,,,"Yes","Undertaking virtual MDT",,"41-50%",,"0%","1-10%",,,,,"0%","0%","0%","1-10%","1-10%","Anaesthesia administered in operating theatre itself (rather than in adjoining anaesthetic room)",,"3-4 days","1","No","3-4 days","1","No",,"No","No","No","No","No","No","No","N/A","N/A","No","Yes","Yes","Consultant GO/med onc/clin onc/radiologist/pathologist",,"Unable to comment on oncology capacity"
"728066-728057-75840674","Centre","Sheffield Teaching Hospitals NHS Foundation Trust",,"No",,,,,,,,,"Yes","Undertaking mixed virtual and face to face MDT",,"21-30%",,"21-30%","0%",,,,,"0%","0%","0%","0%","0%","FFP3 masks,Visors,Double gloving,Anaesthesia administered in operating theatre itself (rather than in adjoining anaesthetic room)",,"13-14 days","1","No","13-14 days","1","No",,"No","No","No","No","No","No","Yes","N/A","N/A","No","Yes","Yes","Consultant GO/med onc/clin onc/radiologist/pathologist",,
"728066-728057-75841584","Centre","Northampton General Hospital",,"No",,,,,,,,,"Yes","Undertaking virtual MDT",,"21-30%",,"21-30%","21-30%","41-50%","31-40%","31-40%","21-30%","31-40%","1-10%","31-40%","0%","0%","FFP3 masks",,"13-14 days","2","N/A","13-14 days","2","N/A",,"Yes","No","No","No","No","No","No","No","Normal in-house team","No","No","Yes","Consultant GO/med onc/clin onc/radiologist/pathologist",," We need to think about the patient who are suffering , but not cancer such as Large fibroids and endometriosis. NHS, Cancer team and journalist have ignored them"
"728066-728057-75856230","Unit","Queen's Hospital Burton",,"No",,,,,,,,,"Yes","Undertaking virtual MDT",,"0-10%",,"81-90%","1-10%","1-10%","1-10%","0%","0%","0%","1-10%","1-10%","0%","0%","FFP3 masks,Visors,Anaesthesia administered in operating theatre itself (rather than in adjoining anaesthetic room)",,"5-6 days","1","No","5-6 days","1","No",,"Yes","No","N/A","N/A","No","No","No","N/A","Another team","No","Yes","Yes","Other","O and G with special interest",
"728066-728057-75868960","Unit","County Durham & Darlington NHS Foundation Trust",,"No",,,,,,,,,"Yes","Undertaking virtual MDT",,"0-10%",,"0%","1-10%",,,,,"0%","0%","0%","0%","0%","FFP3 masks,Visors,Double gloving,Anaesthesia administered in operating theatre itself (rather than in adjoining anaesthetic room)",,"13-14 days","1","Yes","3-4 days","1","Yes",,"No","No","N/A","N/A","N/A","N/A","Yes","N/A","N/A","No","Yes","Yes","Other","Cancer Unit Lead Clinician","Questions on chemo/radio-therapy don't really apply to units so another option should have been given "
"728066-728057-75882603","Centre","Ipswich Hospital",,"No",,,,,,,,,"No",,,"21-30%",,"1-10%","0%","0%","0%","11-20%","0%","0%","0%","0%","21-30%","21-30%",,,"0-2 days","1","No","0-2 days","1","No",,"No","No","No","No","No","No","No","N/A",,"No","Yes","Yes","Consultant GO/med onc/clin onc/radiologist/pathologist",,
"728066-728057-75939459","Centre","University Hospitals Coventry and Warwickshire NHS Trust",,"No",,,,,,,,,"Yes","Undertaking virtual MDT",,"41-50%",,"31-40%","11-20%","11-20%","11-20%","21-30%","0%","11-20%","31-40%","31-40%","0%","0%","FFP3 masks,Visors,Double gloving,Anaesthesia administered in operating theatre itself (rather than in adjoining anaesthetic room)",,"3-4 days","1","No","3-4 days","1","No",,"Yes","No","No","No","Yes","No","Yes","No","Normal in-house team","No","Yes",,"Consultant GO/med onc/clin onc/radiologist/pathologist",,
"728066-728057-76176097","Centre","The Royal Marsden NHS Foundation Trust",,"No",,,,,,,,,"Yes","Undertaking virtual MDT",,"21-30%",,"0%","0%","0%","0%","0%","0%","0%","0%","0%","0%","0%","FFP3 masks,Visors,Double gloving,Anaesthesia administered in operating theatre itself (rather than in adjoining anaesthetic room)",,"13-14 days","1","No","13-14 days","1","No",,"No","No","No","No","No","No","Yes","N/A","Normal in-house team","Yes",,"Yes","Other trainee in GO/med onc/clin onc/radiology/path",,
"728066-728057-76176304","Unit","Other","Dorset county hospital","No",,,,,,,,,"Yes","Undertaking virtual MDT,Reduced number of attendees at MDT","21-30%","31-40%",,"21-30%","11-20%","0%","0%","0%","1-10%","1-10%","1-10%","11-20%","21-30%","0%","FFP3 masks,Visors,Double gloving",,"13-14 days","1",,"13-14 days","1",,,"No","No","N/A","No","N/A","N/A","Yes","No","Normal in-house team","No","Don't Know","Yes","CNS",,
"728066-728057-76176461",,"Leeds Teaching Hospital NHS Trust",,"Yes","Redeployment","21-30%","N/A",,"N/A",,"Redeployment","21-30%","Yes","Undertaking mixed virtual and face to face MDT",,"41-50%",,"31-40%","21-30%","0%","0%","0%","0%","0%","0%","0%","0%","0%","FFP3 masks,Visors,Anaesthesia administered in operating theatre itself (rather than in adjoining anaesthetic room)",,"13-14 days","1","Yes","13-14 days","1","Don't Know",,"No","No","No","No","No","No","No","No","N/A","No","Yes","Yes","Consultant GO/med onc/clin onc/radiologist/pathologist",,"In my humble opinion, I think that the impact of COVID is largely understated especially in ovarian cancer. A way to access this is simply register the number of cases per centre in 2020 and 2021 and compare these numbers with the years 2018 and 2019. My expectation is that we have been operating on 10-20% less patients. "
"728066-728057-76182274","Centre","University College London Hospitals NHS Foundation Trust",,"No",,,,,,,,,"Yes","Undertaking mixed virtual and face to face MDT",,"41-50%",,,,"1-10%",,,,"0%","0%","0%",,"1-10%",,,,,,,,,,"Yes","No",,,,,,,,"No","Yes",,"Consultant GO/med onc/clin onc/radiologist/pathologist",,"Only addressed Med Onc-related Qs"
"728066-728057-76176741","Unit","Other",,"No",,,,,,,,,"Yes",,,"31-40%",,"21-30%","11-20%","0%","0%","0%","1-10%","1-10%","1-10%","11-20%","21-30%","0%","FFP3 masks,Visors,Double gloving",,"13-14 days","1",,"13-14 days","1",,,"No","No","N/A","No","N/A","N/A","Yes","No","Normal in-house team","No",,"Yes","CNS",,
"728066-728057-76191366","Centre","The Christie NHS Foundation Trust",,"No",,,,,,,,,"No",,,"0-10%",,"1-10%","1-10%","1-10%","1-10%","1-10%","1-10%","1-10%","0%","0%","41-50%","1-10%","FFP3 masks",,"3-4 days","1","No","3-4 days","1","No",,"No","No","No","No","No","No","No","No","N/A","Yes",,"Yes","Consultant GO/med onc/clin onc/radiologist/pathologist",,
"728066-728057-76192828","Unit","Other","colchester general hospital","No",,,,,,,,,"Yes","Undertaking virtual MDT,Undertaking mixed virtual and face to face MDT",,"0-10%",,"0%","0%","0%","0%","0%","0%","0%","0%","0%","0%","0%","FFP3 masks,Visors,Anaesthesia administered in operating theatre itself (rather than in adjoining anaesthetic room)",,"3-4 days","1",,"3-4 days","1",,,"No","No","No","No","No","No","No","No","Normal in-house team","No","Yes","Yes","Consultant GO/med onc/clin onc/radiologist/pathologist",,
"728066-728057-76198177","Centre","University College London Hospitals NHS Foundation Trust",,"Yes","Redeployment","91-100%","N/A","0%","N/A","0%","COVID,Redeployment","41-50%","Yes","Undertaking mixed virtual and face to face MDT",,"61-70%",,"0%","0%","0%","0%","0%","0%","0%","0%","0%","11-20%","1-10%","FFP3 masks,Anaesthesia administered in operating theatre itself (rather than in adjoining anaesthetic room)",,"13-14 days","1","No","3-4 days","1","No",,"Yes","No","No","No","No","N/A","No","N/A","Normal in-house team","Yes",,"Yes","Consultant GO/med onc/clin onc/radiologist/pathologist",,"Facilities maintained at full capacity. Not going through central CPG since March 31st but previously presenting cases to CPG weekly. Redeployed junior staff and one CNS until March 2021"
"728066-728057-76198681","Centre","University College London Hospitals NHS Foundation Trust",,"Yes",,,,,,,,,"Yes",,,"61-70%",,"0%","0%","0%","0%","0%","0%","0%","0%","0%","11-20%","1-10%","FFP3 masks,Anaesthesia administered in operating theatre itself (rather than in adjoining anaesthetic room)",,"13-14 days","1","No","3-4 days","1","No",,"Yes","No","No","No","No","N/A","No","N/A","Normal in-house team","Yes",,"Yes","Consultant GO/med onc/clin onc/radiologist/pathologist",,"Facilities maintained at full capacity. Not going through central CPG since March 31st but previously presenting cases to CPG weekly. Redeployed junior staff and one CNS until March 2021"
"728066-728057-76208011","Centre","Nottingham University Hospitals NHS Trust",,"No",,,,,,,,,"Yes","Undertaking mixed virtual and face to face MDT",,"21-30%",,"0%","0%","0%","0%","0%","0%","0%","0%","0%","1-10%","0%","FFP3 masks,Visors,Double gloving,Anaesthesia administered in operating theatre itself (rather than in adjoining anaesthetic room)",,"13-14 days","1","No","3-4 days","1","No",,"Yes","No","No","No","No","N/A","N/A","No","Normal in-house team","No","Yes","Yes","Consultant GO/med onc/clin onc/radiologist/pathologist",,
"728066-728057-76262854","Centre","Other","Gloucestershire Hospitals NHSFT","No",,,,,,,,,"Yes","Undertaking mixed virtual and face to face MDT",,"0-10%",,"0%","1-10%","0%","0%","0%","0%","1-10%","0%","0%","0%","0%",,,"3-4 days","1","Yes","3-4 days","1","Yes",,"No","No","No","No","No","No","No","No","N/A","Yes",,"Yes","Consultant GO/med onc/clin onc/radiologist/pathologist",,"We are v fortunate to have 2 sites, we are based at Cheltenham, which we have kept green, with all of our covid patients being treated at Gloucester"
"728066-728057-76279984","Centre","University College London Hospitals NHS Foundation Trust",,"No",,,,,,,,,"Yes","Undertaking mixed virtual and face to face MDT",,"11-20%",,"1-10%","0%","0%","0%","0%","0%","0%","0%","11-20%","1-10%","0%","FFP3 masks,Visors,Double gloving",,"9-10 days","1","No","3-4 days","1","No",,"Yes","No","DK","No","No","No","No",,"Normal in-house team","Yes",,"Yes","Consultant GO/med onc/clin onc/radiologist/pathologist",,"There should be an option for don't know eg - palliative care reduction"
"728066-728057-76470219","Unit","Other","Mid Yorkshire Hospitals NHS Trust","No",,,,,,,,,"Yes","Undertaking mixed virtual and face to face MDT",,"11-20%",,"0%","11-20%","21-30%","0%","0%","0%","0%","0%","0%","1-10%","0%","FFP3 masks,Visors,Double gloving",,"3-4 days","1","No","3-4 days","1","No",,"No","No","No","No","No","No","No","No","N/A","No","Yes","Yes","Consultant GO/med onc/clin onc/radiologist/pathologist",,"There has been a improved confidence and smoother process with time, leading to almost normal working conditions now."
"728066-728057-77156993","Centre","South East Scotland Cancer Network",,"No",,,,,,,,,"Yes","Undertaking mixed virtual and face to face MDT",,"0-10%",,"0%","0%","0%","0%","0%","0%","0%","11-20%","0%","0%","0%","Double gloving",,"9-10 days","2","No","9-10 days","1","No",,"No","No","No","No","No","No","No","No","N/A","No","No","Yes","Consultant GO/med onc/clin onc/radiologist/pathologist",,"Work patterns have returned to near normal levels with no apparent waiting list increase. Anecdotally there appear to be higher stage cancers appearing eg endometrium and ovary which might indicate delay in patients presenting but we don't yet have data to confirm this"
"728066-728057-77160133","Centre","Royal United Hospitals Bath",,"No",,,,,,,,,"Yes","Undertaking virtual MDT,Reduced number of attendees at MDT","0-10%","11-20%",,"0%","0%",,,,,,"1-10%",,"0%","0%","Visors,Anaesthesia administered in operating theatre itself (rather than in adjoining anaesthetic room)",,"13-14 days","1","No","3-4 days","1","No",,"No","No","No","DK","DK","No","No","No","Normal in-house team",,,"Yes","Consultant GO/med onc/clin onc/radiologist/pathologist",,
"728066-728057-77170898","Unit","Royal Bolton Hospital",,"No",,,,,,,,,"No",,,"31-40%",,"71-80%","11-20%","21-30%","0%","0%","0%","1-10%","11-20%","0%","0%","0%","FFP3 masks,Visors",,"3-4 days","1","No","3-4 days","1","No",,"No","No","N/A","N/A","N/A","No","No","No","N/A","No","Yes","Yes","Other","Consultant Gynaecologist in diagnostic unit",
"728066-728057-77175246","Centre","Cambridge University Hospitals NHS Foundation Trust",,"No",,,,,,,,,"Yes","Undertaking virtual MDT,Undertaking mixed virtual and face to face MDT",,"21-30%",,"0%","0%","0%","0%","81-90%","0%","0%","0%","0%",,"0%","FFP3 masks,Visors",,"9-10 days","1","No","3-4 days","1","No",,"Yes","No","No","No","No","No","No",,"Normal in-house team","No","Yes","Yes","Consultant GO/med onc/clin onc/radiologist/pathologist",,"I do not have completely accurate figures for the above questions - and am not sure when the questions refer to as there has been huge variation during the different surges. I have answered them currently."
"728066-728057-77404719","Centre","Liverpool Women's Hospital",,"No",,,,,,,,,"Yes","Undertaking mixed virtual and face to face MDT,Reduced number of attendees at MDT","21-30%","31-40%",,"0%","0%","0%","0%","0%","0%","0%","0%","0%","0%","0%","Anaesthesia administered in operating theatre itself (rather than in adjoining anaesthetic room)",,"3-4 days","1","No","3-4 days","1","No",,"Yes","No","No","No","No","No","No","No","N/A","No","No","Yes","Consultant GO/med onc/clin onc/radiologist/pathologist",,
